title,contents,url,source_site,crawled_at,fingerprint,metadata
제1장 총칙 제1조(목적),"이 법은 헌법에 따라 근로조건의 기준을 정함으로써 근로자의 기본적 생활을 보장, 향상시키며 균형 있는 국민경제의 발전을 꾀하는 것을 목적으로 한다.",https://www.law.go.kr/%EB%B2%95%EB%A0%B9/%EA%B7%BC%EB%A1%9C%EA%B8%B0%EC%A4%80%EB%B2%95,law_labor_standards,1757409404,a4a27747f224185b567b27933ed1c4ac0974ebf7572e94d95bc32ed9b31ef169,"{'source': 'law.go.kr', 'category': 'statute', 'article_type': 'law_article', 'chapter': '제1장 총칙', 'article': '제1조(목적)'}"
제1장 총칙 제2조(정의),"① 이 법에서 사용하는 용어의 뜻은 다음과 같다. <개정 2018. 3. 20., 2019. 1. 15., 2020. 5. 26.>",https://www.law.go.kr/%EB%B2%95%EB%A0%B9/%EA%B7%BC%EB%A1%9C%EA%B8%B0%EC%A4%80%EB%B2%95,law_labor_standards,1757409404,cd8ebecb03f543adbf0b90563c49600ba22b9b902fe2b029d56bcce034ac861e,"{'source': 'law.go.kr', 'category': 'statute', 'article_type': 'law_article', 'chapter': '제1장 총칙', 'article': '제2조(정의)'}"
제1장 총칙 제3조(근로조건의 기준),이 법에서 정하는 근로조건은 최저기준이므로 근로 관계 당사자는 이 기준을 이유로 근로조건을 낮출 수 없다.,https://www.law.go.kr/%EB%B2%95%EB%A0%B9/%EA%B7%BC%EB%A1%9C%EA%B8%B0%EC%A4%80%EB%B2%95,law_labor_standards,1757409404,fb74a2490671bc99033f4fc8a64c3653dc857bc2ca307b2f804771ba2d8d8760,"{'source': 'law.go.kr', 'category': 'statute', 'article_type': 'law_article', 'chapter': '제1장 총칙', 'article': '제3조(근로조건의 기준)'}"
제1장 총칙 제4조(근로조건의 결정),근로조건은 근로자와 사용자가 동등한 지위에서 자유의사에 따라 결정하여야 한다.,https://www.law.go.kr/%EB%B2%95%EB%A0%B9/%EA%B7%BC%EB%A1%9C%EA%B8%B0%EC%A4%80%EB%B2%95,law_labor_standards,1757409404,64ab7e432e3643e230ba79043667276aaca6a83134ae576df495198309254ae5,"{'source': 'law.go.kr', 'category': 'statute', 'article_type': 'law_article', 'chapter': '제1장 총칙', 'article': '제4조(근로조건의 결정)'}"
제1장 총칙 제5조(근로조건의 준수),"근로자와 사용자는 각자가 단체협약, 취업규칙과 근로계약을 지키고 성실하게 이행할 의무가 있다.",https://www.law.go.kr/%EB%B2%95%EB%A0%B9/%EA%B7%BC%EB%A1%9C%EA%B8%B0%EC%A4%80%EB%B2%95,law_labor_standards,1757409404,181e4cdc93bed39c8839ee223f9419fdaceb308728b4c7d7b771de43aa38cf63,"{'source': 'law.go.kr', 'category': 'statute', 'article_type': 'law_article', 'chapter': '제1장 총칙', 'article': '제5조(근로조건의 준수)'}"
제1장 총칙 제6조(균등한 처우),"사용자는 근로자에 대하여 남녀의 성(性)을 이유로 차별적 대우를 하지 못하고, 국적ㆍ신앙 또는 사회적 신분을 이유로 근로조건에 대한 차별적 처우를 하지 못한다.",https://www.law.go.kr/%EB%B2%95%EB%A0%B9/%EA%B7%BC%EB%A1%9C%EA%B8%B0%EC%A4%80%EB%B2%95,law_labor_standards,1757409404,9cfcc5981267a0abb8992721812b3750a1941eff47dd4235ec6fea37e5023c2b,"{'source': 'law.go.kr', 'category': 'statute', 'article_type': 'law_article', 'chapter': '제1장 총칙', 'article': '제6조(균등한 처우)'}"
제1장 총칙 제7조(강제 근로의 금지),"사용자는 폭행, 협박, 감금, 그 밖에 정신상 또는 신체상의 자유를 부당하게 구속하는 수단으로써 근로자의 자유의사에 어긋나는 근로를 강요하지 못한다.",https://www.law.go.kr/%EB%B2%95%EB%A0%B9/%EA%B7%BC%EB%A1%9C%EA%B8%B0%EC%A4%80%EB%B2%95,law_labor_standards,1757409404,69df051d0124b2f19e3f1111e66b3df26d3e959c0a30ea3f67f3eb952248f7f4,"{'source': 'law.go.kr', 'category': 'statute', 'article_type': 'law_article', 'chapter': '제1장 총칙', 'article': '제7조(강제 근로의 금지)'}"
제1장 총칙 제8조(폭행의 금지),사용자는 사고의 발생이나 그 밖의 어떠한 이유로도 근로자에게 폭행을 하지 못한다.,https://www.law.go.kr/%EB%B2%95%EB%A0%B9/%EA%B7%BC%EB%A1%9C%EA%B8%B0%EC%A4%80%EB%B2%95,law_labor_standards,1757409404,2200bfc69bd7cfa5f61ffca13f1ae8dcf1b9bddd64467fb865c3ea15ffdf5c41,"{'source': 'law.go.kr', 'category': 'statute', 'article_type': 'law_article', 'chapter': '제1장 총칙', 'article': '제8조(폭행의 금지)'}"
제1장 총칙 제9조(중간착취의 배제),누구든지 법률에 따르지 아니하고는 영리로 다른 사람의 취업에 개입하거나 중간인으로서 이익을 취득하지 못한다.,https://www.law.go.kr/%EB%B2%95%EB%A0%B9/%EA%B7%BC%EB%A1%9C%EA%B8%B0%EC%A4%80%EB%B2%95,law_labor_standards,1757409404,a14d485dd8a3cf2509dc25e04e50c560e88866cbad542cd26ad5c8983342a04d,"{'source': 'law.go.kr', 'category': 'statute', 'article_type': 'law_article', 'chapter': '제1장 총칙', 'article': '제9조(중간착취의 배제)'}"
제1장 총칙 제10조(공민권 행사의 보장),"사용자는 근로자가 근로시간 중에 선거권, 그 밖의 공민권(公民權) 행사 또는 공(公)의 직무를 집행하기 위하여 필요한 시간을 청구하면 거부하지 못한다. 다만, 그 권리 행사나 공(公)의 직무를 수행하는 데에 지장이 없으면 청구한 시간을 변경할 수 있다.",https://www.law.go.kr/%EB%B2%95%EB%A0%B9/%EA%B7%BC%EB%A1%9C%EA%B8%B0%EC%A4%80%EB%B2%95,law_labor_standards,1757409404,2ced249a6ea65c1ca1cb0d075776efa2e0b08a71a4369d167c28862ed20bda7c,"{'source': 'law.go.kr', 'category': 'statute', 'article_type': 'law_article', 'chapter': '제1장 총칙', 'article': '제10조(공민권 행사의 보장)'}"
제1장 총칙 제11조(적용 범위),"① 이 법은 상시 5명 이상의 근로자를 사용하는 모든 사업 또는 사업장에 적용한다. 다만, 동거하는 친족만을 사용하는 사업 또는 사업장과 가사(家事) 사용인에 대하여는 적용하지 아니한다.",https://www.law.go.kr/%EB%B2%95%EB%A0%B9/%EA%B7%BC%EB%A1%9C%EA%B8%B0%EC%A4%80%EB%B2%95,law_labor_standards,1757409404,0d0804cb93a6a4853284977456680a63ac003a1399989e94e91013b99c59669a,"{'source': 'law.go.kr', 'category': 'statute', 'article_type': 'law_article', 'chapter': '제1장 총칙', 'article': '제11조(적용 범위)'}"
제1장 총칙 제12조(적용 범위),"이 법과 이 법에 따른 대통령령은 국가, 특별시ㆍ광역시ㆍ도, 시ㆍ군ㆍ구, 읍ㆍ면ㆍ동, 그 밖에 이에 준하는 것에 대하여도 적용된다.",https://www.law.go.kr/%EB%B2%95%EB%A0%B9/%EA%B7%BC%EB%A1%9C%EA%B8%B0%EC%A4%80%EB%B2%95,law_labor_standards,1757409404,057276aa2e9c2f4a0b41573f00be241cf9b847eda11e0104d8f13bf064d438ac,"{'source': 'law.go.kr', 'category': 'statute', 'article_type': 'law_article', 'chapter': '제1장 총칙', 'article': '제12조(적용 범위)'}"
"제1장 총칙 제13조(보고, 출석의 의무)",사용자 또는 근로자는 이 법의 시행에 관하여 고용노동부장관ㆍ「노동위원회법」에 따른 노동위원회(이하 “노동위원회”라 한다) 또는 근로감독관의 요구가 있으면 지체 없이 필요한 사항에 대하여 보고하거나 출석하여야 한다. <개정 2010. 6. 4.>,https://www.law.go.kr/%EB%B2%95%EB%A0%B9/%EA%B7%BC%EB%A1%9C%EA%B8%B0%EC%A4%80%EB%B2%95,law_labor_standards,1757409404,4b393413b5c43029cf39f6c9640e97fe20f12ed3356951d4c0dccc92b17498e8,"{'source': 'law.go.kr', 'category': 'statute', 'article_type': 'law_article', 'chapter': '제1장 총칙', 'article': '제13조(보고, 출석의 의무)'}"
제1장 총칙 제14조(법령 주요 내용 등의 게시),① 사용자는 이 법과 이 법에 따른 대통령령의 주요 내용과 취업규칙을 근로자가 자유롭게 열람할 수 있는 장소에 항상 게시하거나 갖추어 두어 근로자에게 널리 알려야 한다. <개정 2021. 1. 5.>,https://www.law.go.kr/%EB%B2%95%EB%A0%B9/%EA%B7%BC%EB%A1%9C%EA%B8%B0%EC%A4%80%EB%B2%95,law_labor_standards,1757409404,8ccc76d7103c137f30728f13e8e7cb872e56814094902f1f813dbbbda3fdc395,"{'source': 'law.go.kr', 'category': 'statute', 'article_type': 'law_article', 'chapter': '제1장 총칙', 'article': '제14조(법령 주요 내용 등의 게시)'}"
제2장 근로계약 제15조(이 법을 위반한 근로계약),① 이 법에서 정하는 기준에 미치지 못하는 근로조건을 정한 근로계약은 그 부분에 한정하여 무효로 한다. <개정 2020. 5. 26.>,https://www.law.go.kr/%EB%B2%95%EB%A0%B9/%EA%B7%BC%EB%A1%9C%EA%B8%B0%EC%A4%80%EB%B2%95,law_labor_standards,1757409404,3193c040a506f7c21d328fee5430fff954fb099922e2d1ec45e79bae931f1227,"{'source': 'law.go.kr', 'category': 'statute', 'article_type': 'law_article', 'chapter': '제2장 근로계약', 'article': '제15조(이 법을 위반한 근로계약)'}"
제2장 근로계약 제16조(계약기간),근로계약은 기간을 정하지 아니한 것과 일정한 사업의 완료에 필요한 기간을 정한 것 외에는 그 기간은 1년을 초과하지 못한다.,https://www.law.go.kr/%EB%B2%95%EB%A0%B9/%EA%B7%BC%EB%A1%9C%EA%B8%B0%EC%A4%80%EB%B2%95,law_labor_standards,1757409404,4675bace786689d54ddfd4f70e7838716f0a507b6a282a37f0743f871a81c264,"{'source': 'law.go.kr', 'category': 'statute', 'article_type': 'law_article', 'chapter': '제2장 근로계약', 'article': '제16조(계약기간)'}"
제2장 근로계약 제17조(근로조건의 명시),① 사용자는 근로계약을 체결할 때에 근로자에게 다음 각 호의 사항을 명시하여야 한다. 근로계약 체결 후 다음 각 호의 사항을 변경하는 경우에도 또한 같다. <개정 2010. 5. 25.>,https://www.law.go.kr/%EB%B2%95%EB%A0%B9/%EA%B7%BC%EB%A1%9C%EA%B8%B0%EC%A4%80%EB%B2%95,law_labor_standards,1757409404,98d1d2b5cb8e3a0e0dff102387785f8e16b63ffa58b1eedd5ce942a5cc706c46,"{'source': 'law.go.kr', 'category': 'statute', 'article_type': 'law_article', 'chapter': '제2장 근로계약', 'article': '제17조(근로조건의 명시)'}"
제2장 근로계약 제18조(단시간근로자의 근로조건),① 단시간근로자의 근로조건은 그 사업장의 같은 종류의 업무에 종사하는 통상 근로자의 근로시간을 기준으로 산정한 비율에 따라 결정되어야 한다.,https://www.law.go.kr/%EB%B2%95%EB%A0%B9/%EA%B7%BC%EB%A1%9C%EA%B8%B0%EC%A4%80%EB%B2%95,law_labor_standards,1757409404,363c408c7c67da00145e6c5bdd6c550a011ad197c87ce255d846832068540bb1,"{'source': 'law.go.kr', 'category': 'statute', 'article_type': 'law_article', 'chapter': '제2장 근로계약', 'article': '제18조(단시간근로자의 근로조건)'}"
제2장 근로계약 제19조(근로조건의 위반),① 제17조에 따라 명시된 근로조건이 사실과 다를 경우에 근로자는 근로조건 위반을 이유로 손해의 배상을 청구할 수 있으며 즉시 근로계약을 해제할 수 있다.,https://www.law.go.kr/%EB%B2%95%EB%A0%B9/%EA%B7%BC%EB%A1%9C%EA%B8%B0%EC%A4%80%EB%B2%95,law_labor_standards,1757409404,31d639dbe7e2f9b6450445447afa8ba2e3023d0b8429b93e0014bdc508dc22f3,"{'source': 'law.go.kr', 'category': 'statute', 'article_type': 'law_article', 'chapter': '제2장 근로계약', 'article': '제19조(근로조건의 위반)'}"
제2장 근로계약 제20조(위약 예정의 금지),사용자는 근로계약 불이행에 대한 위약금 또는 손해배상액을 예정하는 계약을 체결하지 못한다.,https://www.law.go.kr/%EB%B2%95%EB%A0%B9/%EA%B7%BC%EB%A1%9C%EA%B8%B0%EC%A4%80%EB%B2%95,law_labor_standards,1757409404,5a16689079cb4bb7075e4db969257b0c8ab6bd241961a5c1ab74de1cc99cac86,"{'source': 'law.go.kr', 'category': 'statute', 'article_type': 'law_article', 'chapter': '제2장 근로계약', 'article': '제20조(위약 예정의 금지)'}"
제2장 근로계약 제21조(전차금 상계의 금지),사용자는 전차금(前借金)이나 그 밖에 근로할 것을 조건으로 하는 전대(前貸)채권과 임금을 상계하지 못한다.,https://www.law.go.kr/%EB%B2%95%EB%A0%B9/%EA%B7%BC%EB%A1%9C%EA%B8%B0%EC%A4%80%EB%B2%95,law_labor_standards,1757409404,49e4bf48b8e7047550416b0ef43df54857d1d1281eb595f118d63d10974d1f28,"{'source': 'law.go.kr', 'category': 'statute', 'article_type': 'law_article', 'chapter': '제2장 근로계약', 'article': '제21조(전차금 상계의 금지)'}"
제2장 근로계약 제22조(강제 저금의 금지),① 사용자는 근로계약에 덧붙여 강제 저축 또는 저축금의 관리를 규정하는 계약을 체결하지 못한다.,https://www.law.go.kr/%EB%B2%95%EB%A0%B9/%EA%B7%BC%EB%A1%9C%EA%B8%B0%EC%A4%80%EB%B2%95,law_labor_standards,1757409404,8fba04d19ec2b7f3bc6edbd50fc7bb7c2804c6e0e932c72bb2ac8629fbe578b2,"{'source': 'law.go.kr', 'category': 'statute', 'article_type': 'law_article', 'chapter': '제2장 근로계약', 'article': '제22조(강제 저금의 금지)'}"
제2장 근로계약 제23조(해고 등의 제한),"① 사용자는 근로자에게 정당한 이유 없이 해고, 휴직, 정직, 전직, 감봉, 그 밖의 징벌(懲罰)(이하 “부당해고등”이라 한다)을 하지 못한다.",https://www.law.go.kr/%EB%B2%95%EB%A0%B9/%EA%B7%BC%EB%A1%9C%EA%B8%B0%EC%A4%80%EB%B2%95,law_labor_standards,1757409404,c392ea6dffe66cfd86a3de9065c73e94cc65ec28df976d8da2460e4d6ec5de77,"{'source': 'law.go.kr', 'category': 'statute', 'article_type': 'law_article', 'chapter': '제2장 근로계약', 'article': '제23조(해고 등의 제한)'}"
제2장 근로계약 제24조(경영상 이유에 의한 해고의 제한),① 사용자가 경영상 이유에 의하여 근로자를 해고하려면 긴박한 경영상의 필요가 있어야 한다. 이 경우 경영 악화를 방지하기 위한 사업의 양도ㆍ인수ㆍ합병은 긴박한 경영상의 필요가 있는 것으로 본다.,https://www.law.go.kr/%EB%B2%95%EB%A0%B9/%EA%B7%BC%EB%A1%9C%EA%B8%B0%EC%A4%80%EB%B2%95,law_labor_standards,1757409404,e5a1f82f24404674b936c9a6400fed0f1eb95b28781a7d58d0c520665357873d,"{'source': 'law.go.kr', 'category': 'statute', 'article_type': 'law_article', 'chapter': '제2장 근로계약', 'article': '제24조(경영상 이유에 의한 해고의 제한)'}"
제2장 근로계약 제25조(우선 재고용 등),① 제24조에 따라 근로자를 해고한 사용자는 근로자를 해고한 날부터 3년 이내에 해고된 근로자가 해고 당시 담당하였던 업무와 같은 업무를 할 근로자를 채용하려고 할 경우 제24조에 따라 해고된 근로자가 원하면 그 근로자를 우선적으로 고용하여야 한다.,https://www.law.go.kr/%EB%B2%95%EB%A0%B9/%EA%B7%BC%EB%A1%9C%EA%B8%B0%EC%A4%80%EB%B2%95,law_labor_standards,1757409404,dd5eb64662e054dc80eb43a135b8161df13a2c5ca754f342455eaef3a44c9b4d,"{'source': 'law.go.kr', 'category': 'statute', 'article_type': 'law_article', 'chapter': '제2장 근로계약', 'article': '제25조(우선 재고용 등)'}"
제2장 근로계약 제26조(해고의 예고),"사용자는 근로자를 해고(경영상 이유에 의한 해고를 포함한다)하려면 적어도 30일 전에 예고를 하여야 하고, 30일 전에 예고를 하지 아니하였을 때에는 30일분 이상의 통상임금을 지급하여야 한다. 다만, 다음 각 호의 어느 하나에 해당하는 경우에는 그러하지 아니하다. <개정 2010. 6. 4., 2019. 1. 15.>",https://www.law.go.kr/%EB%B2%95%EB%A0%B9/%EA%B7%BC%EB%A1%9C%EA%B8%B0%EC%A4%80%EB%B2%95,law_labor_standards,1757409404,56e6db701100d8ecc07d47001bcae314ce4edb06285f22ef5a6332985018b023,"{'source': 'law.go.kr', 'category': 'statute', 'article_type': 'law_article', 'chapter': '제2장 근로계약', 'article': '제26조(해고의 예고)'}"
제2장 근로계약 제27조(해고사유 등의 서면통지),① 사용자는 근로자를 해고하려면 해고사유와 해고시기를 서면으로 통지하여야 한다.,https://www.law.go.kr/%EB%B2%95%EB%A0%B9/%EA%B7%BC%EB%A1%9C%EA%B8%B0%EC%A4%80%EB%B2%95,law_labor_standards,1757409404,f8460300ba82510d2f77c196cf7cf5ef959b12709ef2a9378b54c4daaa885f9b,"{'source': 'law.go.kr', 'category': 'statute', 'article_type': 'law_article', 'chapter': '제2장 근로계약', 'article': '제27조(해고사유 등의 서면통지)'}"
제2장 근로계약 제28조(부당해고등의 구제신청),① 사용자가 근로자에게 부당해고등을 하면 근로자는 노동위원회에 구제를 신청할 수 있다.,https://www.law.go.kr/%EB%B2%95%EB%A0%B9/%EA%B7%BC%EB%A1%9C%EA%B8%B0%EC%A4%80%EB%B2%95,law_labor_standards,1757409404,3515e648820b54d4136ab11a82978b27f1b7fc0de01b4d7bcd1fdead55843b6f,"{'source': 'law.go.kr', 'category': 'statute', 'article_type': 'law_article', 'chapter': '제2장 근로계약', 'article': '제28조(부당해고등의 구제신청)'}"
제2장 근로계약 제29조(조사 등),① 노동위원회는 제28조에 따른 구제신청을 받으면 지체 없이 필요한 조사를 하여야 하며 관계 당사자를 심문하여야 한다.,https://www.law.go.kr/%EB%B2%95%EB%A0%B9/%EA%B7%BC%EB%A1%9C%EA%B8%B0%EC%A4%80%EB%B2%95,law_labor_standards,1757409404,08f31bb1491e0959dd4bedc732a61ebffebfb89581490e3cffdd725bb80e1a75,"{'source': 'law.go.kr', 'category': 'statute', 'article_type': 'law_article', 'chapter': '제2장 근로계약', 'article': '제29조(조사 등)'}"
제2장 근로계약 제30조(구제명령 등),"① 노동위원회는 제29조에 따른 심문을 끝내고 부당해고등이 성립한다고 판정하면 사용자에게 구제명령을 하여야 하며, 부당해고등이 성립하지 아니한다고 판정하면 구제신청을 기각하는 결정을 하여야 한다.",https://www.law.go.kr/%EB%B2%95%EB%A0%B9/%EA%B7%BC%EB%A1%9C%EA%B8%B0%EC%A4%80%EB%B2%95,law_labor_standards,1757409404,8f169a34ad5acd1de413f5ca6e90c630395ceee0827908c0703553d61d2b652d,"{'source': 'law.go.kr', 'category': 'statute', 'article_type': 'law_article', 'chapter': '제2장 근로계약', 'article': '제30조(구제명령 등)'}"
제2장 근로계약 제31조(구제명령 등의 확정),① 「노동위원회법」에 따른 지방노동위원회의 구제명령이나 기각결정에 불복하는 사용자나 근로자는 구제명령서나 기각결정서를 통지받은 날부터 10일 이내에 중앙노동위원회에 재심을 신청할 수 있다.,https://www.law.go.kr/%EB%B2%95%EB%A0%B9/%EA%B7%BC%EB%A1%9C%EA%B8%B0%EC%A4%80%EB%B2%95,law_labor_standards,1757409404,471693be2a88ca69f8beb72667bf0c345186a407db7dc6d5027d6c59e9ea0b02,"{'source': 'law.go.kr', 'category': 'statute', 'article_type': 'law_article', 'chapter': '제2장 근로계약', 'article': '제31조(구제명령 등의 확정)'}"
제2장 근로계약 제32조(구제명령 등의 효력),"노동위원회의 구제명령, 기각결정 또는 재심판정은 제31조에 따른 중앙노동위원회에 대한 재심 신청이나 행정소송 제기에 의하여 그 효력이 정지되지 아니한다.",https://www.law.go.kr/%EB%B2%95%EB%A0%B9/%EA%B7%BC%EB%A1%9C%EA%B8%B0%EC%A4%80%EB%B2%95,law_labor_standards,1757409404,eaf0da2265a5c8db6675446b453b7198147bf1419098fc9332e694624674ac17,"{'source': 'law.go.kr', 'category': 'statute', 'article_type': 'law_article', 'chapter': '제2장 근로계약', 'article': '제32조(구제명령 등의 효력)'}"
제2장 근로계약 제33조(이행강제금),① 노동위원회는 구제명령(구제명령을 내용으로 하는 재심판정을 포함한다. 이하 이 조에서 같다)을 받은 후 이행기한까지 구제명령을 이행하지 아니한 사용자에게 3천만원 이하의 이행강제금을 부과한다. <개정 2021. 5. 18.>,https://www.law.go.kr/%EB%B2%95%EB%A0%B9/%EA%B7%BC%EB%A1%9C%EA%B8%B0%EC%A4%80%EB%B2%95,law_labor_standards,1757409404,7e3e39665e68b0d665d96a3350ddd2dfa4cce2e203ed928e87337ff39eb36658,"{'source': 'law.go.kr', 'category': 'statute', 'article_type': 'law_article', 'chapter': '제2장 근로계약', 'article': '제33조(이행강제금)'}"
제2장 근로계약 제34조(퇴직급여 제도),사용자가 퇴직하는 근로자에게 지급하는 퇴직급여 제도에 관하여는 「근로자퇴직급여 보장법」이 정하는 대로 따른다.,https://www.law.go.kr/%EB%B2%95%EB%A0%B9/%EA%B7%BC%EB%A1%9C%EA%B8%B0%EC%A4%80%EB%B2%95,law_labor_standards,1757409404,a7a0b335fb20cf15c1b2ede181b29353519aa95f705c9e5b0c8c531f5ad92ace,"{'source': 'law.go.kr', 'category': 'statute', 'article_type': 'law_article', 'chapter': '제2장 근로계약', 'article': '제34조(퇴직급여 제도)'}"
제2장 근로계약 제35조,삭제 <2019. 1. 15.>,https://www.law.go.kr/%EB%B2%95%EB%A0%B9/%EA%B7%BC%EB%A1%9C%EA%B8%B0%EC%A4%80%EB%B2%95,law_labor_standards,1757409404,041bd7415625a57c5610817a83d78c3d8ad3e2baef70927efeb2329d3be6100b,"{'source': 'law.go.kr', 'category': 'statute', 'article_type': 'law_article', 'chapter': '제2장 근로계약', 'article': '제35조'}"
제2장 근로계약 제36조(금품 청산),"사용자는 근로자가 사망 또는 퇴직한 경우에는 그 지급 사유가 발생한 때부터 14일 이내에 임금, 보상금, 그 밖의 모든 금품을 지급하여야 한다. 다만, 특별한 사정이 있을 경우에는 당사자 사이의 합의에 의하여 기일을 연장할 수 있다. <개정 2020. 5. 26.>",https://www.law.go.kr/%EB%B2%95%EB%A0%B9/%EA%B7%BC%EB%A1%9C%EA%B8%B0%EC%A4%80%EB%B2%95,law_labor_standards,1757409404,0088b763e603d5ee06c053e0347674e97ec6915bf5199c0e280d2b853bab1239,"{'source': 'law.go.kr', 'category': 'statute', 'article_type': 'law_article', 'chapter': '제2장 근로계약', 'article': '제36조(금품 청산)'}"
제2장 근로계약 제37조(미지급 임금에 대한 지연이자),① 사용자는 제36조에 따라 지급하여야 하는 임금 및 「근로자퇴직급여 보장법」 제2조제5호에 따른 급여(일시금만 해당된다)의 전부 또는 일부를 그 지급 사유가 발생한 날부터 14일 이내에 지급하지 아니한 경우 그 다음 날부터 지급하는 날까지의 지연 일수에 대하여 연 100분의 40 이내의 범위에서 「은행법」에 따른 은행이 적용하는 연체금리 등 경제 여건을 고려하여 대통령령으로 정하는 이율에 따른 지연이자를 지급하여야 한다. <개정 2010. 5. 17.>,https://www.law.go.kr/%EB%B2%95%EB%A0%B9/%EA%B7%BC%EB%A1%9C%EA%B8%B0%EC%A4%80%EB%B2%95,law_labor_standards,1757409404,34746fb6707804f5c0c2abd32ba451f88c2027d55977260fa2ea64c71773833b,"{'source': 'law.go.kr', 'category': 'statute', 'article_type': 'law_article', 'chapter': '제2장 근로계약', 'article': '제37조(미지급 임금에 대한 지연이자)'}"
제2장 근로계약 제38조(임금채권의 우선변제),"① 임금, 재해보상금, 그 밖에 근로 관계로 인한 채권은 사용자의 총재산에 대하여 질권(質權)ㆍ저당권 또는 「동산ㆍ채권 등의 담보에 관한 법률」에 따른 담보권에 따라 담보된 채권 외에는 조세ㆍ공과금 및 다른 채권에 우선하여 변제되어야 한다. 다만, 질권ㆍ저당권 또는 「동산ㆍ채권 등의 담보에 관한 법률」에 따른 담보권에 우선하는 조세ㆍ공과금에 대하여는 그러하지 아니하다. <개정 2010. 6. 10.>",https://www.law.go.kr/%EB%B2%95%EB%A0%B9/%EA%B7%BC%EB%A1%9C%EA%B8%B0%EC%A4%80%EB%B2%95,law_labor_standards,1757409404,56526431d5034ef333ade3216aa3ae8e64f8dd7ed6dd668a75c9ec4e509a6cfd,"{'source': 'law.go.kr', 'category': 'statute', 'article_type': 'law_article', 'chapter': '제2장 근로계약', 'article': '제38조(임금채권의 우선변제)'}"
제2장 근로계약 제39조(사용증명서),"① 사용자는 근로자가 퇴직한 후라도 사용 기간, 업무 종류, 지위와 임금, 그 밖에 필요한 사항에 관한 증명서를 청구하면 사실대로 적은 증명서를 즉시 내주어야 한다.",https://www.law.go.kr/%EB%B2%95%EB%A0%B9/%EA%B7%BC%EB%A1%9C%EA%B8%B0%EC%A4%80%EB%B2%95,law_labor_standards,1757409404,9c8d995b8dfb0224f0d6af54fd81a430344bb32b02f3fc963a23de7656f18f61,"{'source': 'law.go.kr', 'category': 'statute', 'article_type': 'law_article', 'chapter': '제2장 근로계약', 'article': '제39조(사용증명서)'}"
제2장 근로계약 제40조(취업 방해의 금지),누구든지 근로자의 취업을 방해할 목적으로 비밀 기호 또는 명부를 작성ㆍ사용하거나 통신을 하여서는 아니 된다.,https://www.law.go.kr/%EB%B2%95%EB%A0%B9/%EA%B7%BC%EB%A1%9C%EA%B8%B0%EC%A4%80%EB%B2%95,law_labor_standards,1757409404,0a4060ecf483fe7ed898fa200619df87d146f5a778694de26b4df709c44f69e3,"{'source': 'law.go.kr', 'category': 'statute', 'article_type': 'law_article', 'chapter': '제2장 근로계약', 'article': '제40조(취업 방해의 금지)'}"
제2장 근로계약 제41조(근로자의 명부),"① 사용자는 각 사업장별로 근로자 명부를 작성하고 근로자의 성명, 생년월일, 이력, 그 밖에 대통령령으로 정하는 사항을 적어야 한다. 다만, 대통령령으로 정하는 일용근로자에 대해서는 근로자 명부를 작성하지 아니할 수 있다. <개정 2021. 1. 5.>",https://www.law.go.kr/%EB%B2%95%EB%A0%B9/%EA%B7%BC%EB%A1%9C%EA%B8%B0%EC%A4%80%EB%B2%95,law_labor_standards,1757409404,0fb027d4581a0b686a642a0a9e7f270a1dd50dd9495a02cc014224da823400f9,"{'source': 'law.go.kr', 'category': 'statute', 'article_type': 'law_article', 'chapter': '제2장 근로계약', 'article': '제41조(근로자의 명부)'}"
제2장 근로계약 제42조(계약 서류의 보존),사용자는 근로자 명부와 대통령령으로 정하는 근로계약에 관한 중요한 서류를 3년간 보존하여야 한다.,https://www.law.go.kr/%EB%B2%95%EB%A0%B9/%EA%B7%BC%EB%A1%9C%EA%B8%B0%EC%A4%80%EB%B2%95,law_labor_standards,1757409404,abfadda037dcf9a94c8e4083e3ca030d6b1ae46754d9e203abe2f9be805b29e4,"{'source': 'law.go.kr', 'category': 'statute', 'article_type': 'law_article', 'chapter': '제2장 근로계약', 'article': '제42조(계약 서류의 보존)'}"
제3장 임금 제43조(임금 지급),"① 임금은 통화(通貨)로 직접 근로자에게 그 전액을 지급하여야 한다. 다만, 법령 또는 단체협약에 특별한 규정이 있는 경우에는 임금의 일부를 공제하거나 통화 이외의 것으로 지급할 수 있다.",https://www.law.go.kr/%EB%B2%95%EB%A0%B9/%EA%B7%BC%EB%A1%9C%EA%B8%B0%EC%A4%80%EB%B2%95,law_labor_standards,1757409404,a1a1a4d18549da1a414d07922370e3f72d82327cc559631500eb240b8af6050f,"{'source': 'law.go.kr', 'category': 'statute', 'article_type': 'law_article', 'chapter': '제3장 임금', 'article': '제43조(임금 지급)'}"
제3장 임금 제43조의2(체불사업주 명단 공개),"① 고용노동부장관은 제36조, 제43조, 제51조의3, 제52조제2항제2호, 제56조에 따른 임금, 보상금, 수당, 그 밖의 모든 금품(이하 “임금등”이라 한다)을 지급하지 아니한 사업주(법인인 경우에는 그 대표자를 포함한다. 이하 “체불사업주”라 한다)가 명단 공개 기준일 이전 3년 이내 임금등을 체불하여 2회 이상 유죄가 확정된 자로서 명단 공개 기준일 이전 1년 이내 임금등의 체불총액이 3천만원 이상인 경우에는 그 인적사항 등을 공개할 수 있다. 다만, 체불사업주의 사망ㆍ폐업으로 명단 공개의 실효성이 없는 경우 등 대통령령으로 정하는 사유가 있는 경우에는 그러하지 아니하다. <개정 2020. 5. 26., 2021. 1. 5.>",https://www.law.go.kr/%EB%B2%95%EB%A0%B9/%EA%B7%BC%EB%A1%9C%EA%B8%B0%EC%A4%80%EB%B2%95,law_labor_standards,1757409404,b10b91b5f95f4cb45363e089fcd2886451cce285ff2834e3065e71e0cf66bb40,"{'source': 'law.go.kr', 'category': 'statute', 'article_type': 'law_article', 'chapter': '제3장 임금', 'article': '제43조의2(체불사업주 명단 공개)'}"
제3장 임금 제43조의3(임금등 체불자료의 제공),"① 고용노동부장관은 「신용정보의 이용 및 보호에 관한 법률」 제25조제2항제1호에 따른 종합신용정보집중기관이 임금등 체불자료 제공일 이전 3년 이내 임금등을 체불하여 2회 이상 유죄가 확정된 자로서 임금등 체불자료 제공일 이전 1년 이내 임금등의 체불총액이 2천만원 이상인 체불사업주의 인적사항과 체불액 등에 관한 자료(이하 “임금등 체불자료”라 한다)를 요구할 때에는 임금등의 체불을 예방하기 위하여 필요하다고 인정하는 경우에 그 자료를 제공할 수 있다. 다만, 체불사업주의 사망ㆍ폐업으로 임금등 체불자료 제공의 실효성이 없는 경우 등 대통령령으로 정하는 사유가 있는 경우에는 그러하지 아니하다.",https://www.law.go.kr/%EB%B2%95%EB%A0%B9/%EA%B7%BC%EB%A1%9C%EA%B8%B0%EC%A4%80%EB%B2%95,law_labor_standards,1757409404,acec3564e76008c57264cc9877e47e40a5043f4af78e46b72d447649c47af05f,"{'source': 'law.go.kr', 'category': 'statute', 'article_type': 'law_article', 'chapter': '제3장 임금', 'article': '제43조의3(임금등 체불자료의 제공)'}"
제3장 임금 제44조(도급 사업에 대한 임금 지급),"① 사업이 한 차례 이상의 도급에 따라 행하여지는 경우에 하수급인(下受給人)(도급이 한 차례에 걸쳐 행하여진 경우에는 수급인을 말한다)이 직상(直上) 수급인(도급이 한 차례에 걸쳐 행하여진 경우에는 도급인을 말한다)의 귀책사유로 근로자에게 임금을 지급하지 못한 경우에는 그 직상 수급인은 그 하수급인과 연대하여 책임을 진다. 다만, 직상 수급인의 귀책사유가 그 상위 수급인의 귀책사유에 의하여 발생한 경우에는 그 상위 수급인도 연대하여 책임을 진다. <개정 2012. 2. 1., 2020. 3. 31.>",https://www.law.go.kr/%EB%B2%95%EB%A0%B9/%EA%B7%BC%EB%A1%9C%EA%B8%B0%EC%A4%80%EB%B2%95,law_labor_standards,1757409404,91eb9627ae0825aee1ed7a10fe14aa1e505fc33b88a99b859374922f173905f0,"{'source': 'law.go.kr', 'category': 'statute', 'article_type': 'law_article', 'chapter': '제3장 임금', 'article': '제44조(도급 사업에 대한 임금 지급)'}"
제3장 임금 제44조의2(건설업에서의 임금 지급 연대책임),"① 건설업에서 사업이 2차례 이상 「건설산업기본법」 제2조제11호에 따른 도급(이하 “공사도급”이라 한다)이 이루어진 경우에 같은 법 제2조제7호에 따른 건설사업자가 아닌 하수급인이 그가 사용한 근로자에게 임금(해당 건설공사에서 발생한 임금으로 한정한다)을 지급하지 못한 경우에는 그 직상 수급인은 하수급인과 연대하여 하수급인이 사용한 근로자의 임금을 지급할 책임을 진다. <개정 2011. 5. 24., 2019. 4. 30.>",https://www.law.go.kr/%EB%B2%95%EB%A0%B9/%EA%B7%BC%EB%A1%9C%EA%B8%B0%EC%A4%80%EB%B2%95,law_labor_standards,1757409404,867d743af4f4203f9ea773588f73f9365a60377702ad20fd38b763629ca2dc21,"{'source': 'law.go.kr', 'category': 'statute', 'article_type': 'law_article', 'chapter': '제3장 임금', 'article': '제44조의2(건설업에서의 임금 지급 연대책임)'}"
제3장 임금 제44조의3(건설업의 공사도급에 있어서의 임금에 관한 특례),① 공사도급이 이루어진 경우로서 다음 각 호의 어느 하나에 해당하는 때에는 직상 수급인은 하수급인에게 지급하여야 하는 하도급 대금 채무의 부담 범위에서 그 하수급인이 사용한 근로자가 청구하면 하수급인이 지급하여야 하는 임금(해당 건설공사에서 발생한 임금으로 한정한다)에 해당하는 금액을 근로자에게 직접 지급하여야 한다.,https://www.law.go.kr/%EB%B2%95%EB%A0%B9/%EA%B7%BC%EB%A1%9C%EA%B8%B0%EC%A4%80%EB%B2%95,law_labor_standards,1757409404,85a776d3b776299a5ae8d676376424befaf81e54d259d4d039247a5ce9fee817,"{'source': 'law.go.kr', 'category': 'statute', 'article_type': 'law_article', 'chapter': '제3장 임금', 'article': '제44조의3(건설업의 공사도급에 있어서의 임금에 관한 특례)'}"
제3장 임금 제45조(비상시 지급),"사용자는 근로자가 출산, 질병, 재해, 그 밖에 대통령령으로 정하는 비상(非常)한 경우의 비용에 충당하기 위하여 임금 지급을 청구하면 지급기일 전이라도 이미 제공한 근로에 대한 임금을 지급하여야 한다.",https://www.law.go.kr/%EB%B2%95%EB%A0%B9/%EA%B7%BC%EB%A1%9C%EA%B8%B0%EC%A4%80%EB%B2%95,law_labor_standards,1757409404,b681512e2e06a0efd4f31e75c9a60bd04ab8931f1c5553792c6cf23945fc9f63,"{'source': 'law.go.kr', 'category': 'statute', 'article_type': 'law_article', 'chapter': '제3장 임금', 'article': '제45조(비상시 지급)'}"
제3장 임금 제46조(휴업수당),"① 사용자의 귀책사유로 휴업하는 경우에 사용자는 휴업기간 동안 그 근로자에게 평균임금의 100분의 70 이상의 수당을 지급하여야 한다. 다만, 평균임금의 100분의 70에 해당하는 금액이 통상임금을 초과하는 경우에는 통상임금을 휴업수당으로 지급할 수 있다.",https://www.law.go.kr/%EB%B2%95%EB%A0%B9/%EA%B7%BC%EB%A1%9C%EA%B8%B0%EC%A4%80%EB%B2%95,law_labor_standards,1757409404,f81454a005e67f6feee1f32556d2cbc53cc988f63e26e7a963c38d46ecddab4c,"{'source': 'law.go.kr', 'category': 'statute', 'article_type': 'law_article', 'chapter': '제3장 임금', 'article': '제46조(휴업수당)'}"
제3장 임금 제47조(도급 근로자),사용자는 도급이나 그 밖에 이에 준하는 제도로 사용하는 근로자에게 근로시간에 따라 일정액의 임금을 보장하여야 한다.,https://www.law.go.kr/%EB%B2%95%EB%A0%B9/%EA%B7%BC%EB%A1%9C%EA%B8%B0%EC%A4%80%EB%B2%95,law_labor_standards,1757409404,471031e68e38144defb6c31570ec0963e9425dfcd8b3844669249ff12bac1349,"{'source': 'law.go.kr', 'category': 'statute', 'article_type': 'law_article', 'chapter': '제3장 임금', 'article': '제47조(도급 근로자)'}"
제3장 임금 제48조(임금대장 및 임금명세서),"① 사용자는 각 사업장별로 임금대장을 작성하고 임금과 가족수당 계산의 기초가 되는 사항, 임금액, 그 밖에 대통령령으로 정하는 사항을 임금을 지급할 때마다 적어야 한다. <개정 2021. 5. 18.>",https://www.law.go.kr/%EB%B2%95%EB%A0%B9/%EA%B7%BC%EB%A1%9C%EA%B8%B0%EC%A4%80%EB%B2%95,law_labor_standards,1757409404,472499813d3ff1d9da99cc5ab36540dc4116450204112bb79f8c4c53b0f1b2fa,"{'source': 'law.go.kr', 'category': 'statute', 'article_type': 'law_article', 'chapter': '제3장 임금', 'article': '제48조(임금대장 및 임금명세서)'}"
제3장 임금 제49조(임금의 시효),이 법에 따른 임금채권은 3년간 행사하지 아니하면 시효로 소멸한다.,https://www.law.go.kr/%EB%B2%95%EB%A0%B9/%EA%B7%BC%EB%A1%9C%EA%B8%B0%EC%A4%80%EB%B2%95,law_labor_standards,1757409404,67a6e690d4ad352fd380814a9716421c20ae3342e4d2f11fcfd2b94f73eeb371,"{'source': 'law.go.kr', 'category': 'statute', 'article_type': 'law_article', 'chapter': '제3장 임금', 'article': '제49조(임금의 시효)'}"
제4장 근로시간과 휴식 제50조(근로시간),① 1주 간의 근로시간은 휴게시간을 제외하고 40시간을 초과할 수 없다.,https://www.law.go.kr/%EB%B2%95%EB%A0%B9/%EA%B7%BC%EB%A1%9C%EA%B8%B0%EC%A4%80%EB%B2%95,law_labor_standards,1757409404,d103803950d4ab5058df47f67639f580e50b93a22169a227eec84c4e5c51f5a3,"{'source': 'law.go.kr', 'category': 'statute', 'article_type': 'law_article', 'chapter': '제4장 근로시간과 휴식', 'article': '제50조(근로시간)'}"
제4장 근로시간과 휴식 제51조(3개월 이내의 탄력적 근로시간제),"① 사용자는 취업규칙(취업규칙에 준하는 것을 포함한다)에서 정하는 바에 따라 2주 이내의 일정한 단위기간을 평균하여 1주 간의 근로시간이 제50조제1항의 근로시간을 초과하지 아니하는 범위에서 특정한 주에 제50조제1항의 근로시간을, 특정한 날에 제50조제2항의 근로시간을 초과하여 근로하게 할 수 있다. 다만, 특정한 주의 근로시간은 48시간을 초과할 수 없다.",https://www.law.go.kr/%EB%B2%95%EB%A0%B9/%EA%B7%BC%EB%A1%9C%EA%B8%B0%EC%A4%80%EB%B2%95,law_labor_standards,1757409404,aed95d5bed53a2f81d2a74ad05e7a4fbcf7ebb7bb06f5467c52eca6644600aed,"{'source': 'law.go.kr', 'category': 'statute', 'article_type': 'law_article', 'chapter': '제4장 근로시간과 휴식', 'article': '제51조(3개월 이내의 탄력적 근로시간제)'}"
제4장 근로시간과 휴식 제51조의2(3개월을 초과하는 탄력적 근로시간제),"① 사용자는 근로자대표와의 서면 합의에 따라 다음 각 호의 사항을 정하면 3개월을 초과하고 6개월 이내의 단위기간을 평균하여 1주간의 근로시간이 제50조제1항의 근로시간을 초과하지 아니하는 범위에서 특정한 주에 제50조제1항의 근로시간을, 특정한 날에 제50조제2항의 근로시간을 초과하여 근로하게 할 수 있다. 다만, 특정한 주의 근로시간은 52시간을, 특정한 날의 근로시간은 12시간을 초과할 수 없다.",https://www.law.go.kr/%EB%B2%95%EB%A0%B9/%EA%B7%BC%EB%A1%9C%EA%B8%B0%EC%A4%80%EB%B2%95,law_labor_standards,1757409404,e978687bc6902f8e44607a089d282f8a3f6d4a54cda1b28fa7ded77750106f59,"{'source': 'law.go.kr', 'category': 'statute', 'article_type': 'law_article', 'chapter': '제4장 근로시간과 휴식', 'article': '제51조의2(3개월을 초과하는 탄력적 근로시간제)'}"
제4장 근로시간과 휴식 제51조의3(근로한 기간이 단위기간보다 짧은 경우의 임금 정산),사용자는 제51조 및 제51조의2에 따른 단위기간 중 근로자가 근로한 기간이 그 단위기간보다 짧은 경우에는 그 단위기간 중 해당 근로자가 근로한 기간을 평균하여 1주간에 40시간을 초과하여 근로한 시간 전부에 대하여 제56조제1항에 따른 가산임금을 지급하여야 한다.,https://www.law.go.kr/%EB%B2%95%EB%A0%B9/%EA%B7%BC%EB%A1%9C%EA%B8%B0%EC%A4%80%EB%B2%95,law_labor_standards,1757409404,992778d6ed48df448966da21c304c79efbd9ea51399f6a4246037a18fa26d9fa,"{'source': 'law.go.kr', 'category': 'statute', 'article_type': 'law_article', 'chapter': '제4장 근로시간과 휴식', 'article': '제51조의3(근로한 기간이 단위기간보다 짧은 경우의 임금 정산)'}"
제4장 근로시간과 휴식 제52조(선택적 근로시간제),"① 사용자는 취업규칙(취업규칙에 준하는 것을 포함한다)에 따라 업무의 시작 및 종료 시각을 근로자의 결정에 맡기기로 한 근로자에 대하여 근로자대표와의 서면 합의에 따라 다음 각 호의 사항을 정하면 1개월(신상품 또는 신기술의 연구개발 업무의 경우에는 3개월로 한다) 이내의 정산기간을 평균하여 1주간의 근로시간이 제50조제1항의 근로시간을 초과하지 아니하는 범위에서 1주 간에 제50조제1항의 근로시간을, 1일에 제50조제2항의 근로시간을 초과하여 근로하게 할 수 있다. <개정 2021. 1. 5.>",https://www.law.go.kr/%EB%B2%95%EB%A0%B9/%EA%B7%BC%EB%A1%9C%EA%B8%B0%EC%A4%80%EB%B2%95,law_labor_standards,1757409404,0ca17f1359e0c006b5889e542bf46a62ca1f3b733c403b95c8fe83d7a3c5fa55,"{'source': 'law.go.kr', 'category': 'statute', 'article_type': 'law_article', 'chapter': '제4장 근로시간과 휴식', 'article': '제52조(선택적 근로시간제)'}"
제4장 근로시간과 휴식 제53조(연장 근로의 제한),① 당사자 간에 합의하면 1주 간에 12시간을 한도로 제50조의 근로시간을 연장할 수 있다.,https://www.law.go.kr/%EB%B2%95%EB%A0%B9/%EA%B7%BC%EB%A1%9C%EA%B8%B0%EC%A4%80%EB%B2%95,law_labor_standards,1757409404,d4ac58a7415ce4e53fa7198de817e8681ab2dfc8d23b4fb96abc17f1209e2a52,"{'source': 'law.go.kr', 'category': 'statute', 'article_type': 'law_article', 'chapter': '제4장 근로시간과 휴식', 'article': '제53조(연장 근로의 제한)'}"
제4장 근로시간과 휴식 제54조(휴게),"① 사용자는 근로시간이 4시간인 경우에는 30분 이상, 8시간인 경우에는 1시간 이상의 휴게시간을 근로시간 도중에 주어야 한다.",https://www.law.go.kr/%EB%B2%95%EB%A0%B9/%EA%B7%BC%EB%A1%9C%EA%B8%B0%EC%A4%80%EB%B2%95,law_labor_standards,1757409404,d797394713083f51aca4d1a6d2f2ba5ec9b6e47b9ab6ae73b3f6838486df8729,"{'source': 'law.go.kr', 'category': 'statute', 'article_type': 'law_article', 'chapter': '제4장 근로시간과 휴식', 'article': '제54조(휴게)'}"
제4장 근로시간과 휴식 제55조(휴일),① 사용자는 근로자에게 1주에 평균 1회 이상의 유급휴일을 보장하여야 한다. <개정 2018. 3. 20.>,https://www.law.go.kr/%EB%B2%95%EB%A0%B9/%EA%B7%BC%EB%A1%9C%EA%B8%B0%EC%A4%80%EB%B2%95,law_labor_standards,1757409404,4a1b21a6c391e8641fd86e9ced6373db1fd4604c22b6201820b82620f92a2015,"{'source': 'law.go.kr', 'category': 'statute', 'article_type': 'law_article', 'chapter': '제4장 근로시간과 휴식', 'article': '제55조(휴일)'}"
제4장 근로시간과 휴식 제56조(연장ㆍ야간 및 휴일 근로),① 사용자는 연장근로(제53조ㆍ제59조 및 제69조 단서에 따라 연장된 시간의 근로를 말한다)에 대하여는 통상임금의 100분의 50 이상을 가산하여 근로자에게 지급하여야 한다. <개정 2018. 3. 20.>,https://www.law.go.kr/%EB%B2%95%EB%A0%B9/%EA%B7%BC%EB%A1%9C%EA%B8%B0%EC%A4%80%EB%B2%95,law_labor_standards,1757409404,2730d2f77a234c01a3b66825e7f63b299f1485edb63af05d0098d4fc2a812f96,"{'source': 'law.go.kr', 'category': 'statute', 'article_type': 'law_article', 'chapter': '제4장 근로시간과 휴식', 'article': '제56조(연장ㆍ야간 및 휴일 근로)'}"
제4장 근로시간과 휴식 제57조(보상 휴가제),"사용자는 근로자대표와의 서면 합의에 따라 제51조의3, 제52조제2항제2호 및 제56조에 따른 연장근로ㆍ야간근로 및 휴일근로 등에 대하여 임금을 지급하는 것을 갈음하여 휴가를 줄 수 있다. <개정 2021. 1. 5.>",https://www.law.go.kr/%EB%B2%95%EB%A0%B9/%EA%B7%BC%EB%A1%9C%EA%B8%B0%EC%A4%80%EB%B2%95,law_labor_standards,1757409404,28534f845f07294871c489a99ff9dd37fb0e792e9a1436890f1043e913e66b75,"{'source': 'law.go.kr', 'category': 'statute', 'article_type': 'law_article', 'chapter': '제4장 근로시간과 휴식', 'article': '제57조(보상 휴가제)'}"
제4장 근로시간과 휴식 제58조(근로시간 계산의 특례),"① 근로자가 출장이나 그 밖의 사유로 근로시간의 전부 또는 일부를 사업장 밖에서 근로하여 근로시간을 산정하기 어려운 경우에는 소정근로시간을 근로한 것으로 본다. 다만, 그 업무를 수행하기 위하여 통상적으로 소정근로시간을 초과하여 근로할 필요가 있는 경우에는 그 업무의 수행에 통상 필요한 시간을 근로한 것으로 본다.",https://www.law.go.kr/%EB%B2%95%EB%A0%B9/%EA%B7%BC%EB%A1%9C%EA%B8%B0%EC%A4%80%EB%B2%95,law_labor_standards,1757409404,848ea5437e82bc4d4390bdf5ede831c221beb1c2b36228a9ad38aaf75971171e,"{'source': 'law.go.kr', 'category': 'statute', 'article_type': 'law_article', 'chapter': '제4장 근로시간과 휴식', 'article': '제58조(근로시간 계산의 특례)'}"
제4장 근로시간과 휴식 제59조(근로시간 및 휴게시간의 특례),① 「통계법」 제22조제1항에 따라 통계청장이 고시하는 산업에 관한 표준의 중분류 또는 소분류 중 다음 각 호의 어느 하나에 해당하는 사업에 대하여 사용자가 근로자대표와 서면으로 합의한 경우에는 제53조제1항에 따른 주(週) 12시간을 초과하여 연장근로를 하게 하거나 제54조에 따른 휴게시간을 변경할 수 있다.,https://www.law.go.kr/%EB%B2%95%EB%A0%B9/%EA%B7%BC%EB%A1%9C%EA%B8%B0%EC%A4%80%EB%B2%95,law_labor_standards,1757409404,cf88ec48fd6c5e1ddb7edf8a8f934ec9a64044c065b4ed4298d7654ef02c2304,"{'source': 'law.go.kr', 'category': 'statute', 'article_type': 'law_article', 'chapter': '제4장 근로시간과 휴식', 'article': '제59조(근로시간 및 휴게시간의 특례)'}"
제4장 근로시간과 휴식 제60조(연차 유급휴가),① 사용자는 1년간 80퍼센트 이상 출근한 근로자에게 15일의 유급휴가를 주어야 한다. <개정 2012. 2. 1.>,https://www.law.go.kr/%EB%B2%95%EB%A0%B9/%EA%B7%BC%EB%A1%9C%EA%B8%B0%EC%A4%80%EB%B2%95,law_labor_standards,1757409404,7d75c3a3b840104efd5711b632cba86b1d5cf484557d9403031e07b4a04845c6,"{'source': 'law.go.kr', 'category': 'statute', 'article_type': 'law_article', 'chapter': '제4장 근로시간과 휴식', 'article': '제60조(연차 유급휴가)'}"
제4장 근로시간과 휴식 제61조(연차 유급휴가의 사용 촉진),"① 사용자가 제60조제1항ㆍ제2항 및 제4항에 따른 유급휴가(계속하여 근로한 기간이 1년 미만인 근로자의 제60조제2항에 따른 유급휴가는 제외한다)의 사용을 촉진하기 위하여 다음 각 호의 조치를 하였음에도 불구하고 근로자가 휴가를 사용하지 아니하여 제60조제7항 본문에 따라 소멸된 경우에는 사용자는 그 사용하지 아니한 휴가에 대하여 보상할 의무가 없고, 제60조제7항 단서에 따른 사용자의 귀책사유에 해당하지 아니하는 것으로 본다. <개정 2012. 2. 1., 2017. 11. 28., 2020. 3. 31.>",https://www.law.go.kr/%EB%B2%95%EB%A0%B9/%EA%B7%BC%EB%A1%9C%EA%B8%B0%EC%A4%80%EB%B2%95,law_labor_standards,1757409404,7359cbb3b80241075010fce793b81272de1cf716d71afb5d8e136ef9734302af,"{'source': 'law.go.kr', 'category': 'statute', 'article_type': 'law_article', 'chapter': '제4장 근로시간과 휴식', 'article': '제61조(연차 유급휴가의 사용 촉진)'}"
제4장 근로시간과 휴식 제62조(유급휴가의 대체),사용자는 근로자대표와의 서면 합의에 따라 제60조에 따른 연차 유급휴가일을 갈음하여 특정한 근로일에 근로자를 휴무시킬 수 있다.,https://www.law.go.kr/%EB%B2%95%EB%A0%B9/%EA%B7%BC%EB%A1%9C%EA%B8%B0%EC%A4%80%EB%B2%95,law_labor_standards,1757409404,c3ec82f63334e6c73143eb1040e8c3ceda281e6bb4635ec50f217dad5cb9bc57,"{'source': 'law.go.kr', 'category': 'statute', 'article_type': 'law_article', 'chapter': '제4장 근로시간과 휴식', 'article': '제62조(유급휴가의 대체)'}"
제4장 근로시간과 휴식 제63조(적용의 제외),"이 장과 제5장에서 정한 근로시간, 휴게와 휴일에 관한 규정은 다음 각 호의 어느 하나에 해당하는 근로자에 대하여는 적용하지 아니한다. <개정 2010. 6. 4., 2020. 5. 26., 2021. 1. 5.>",https://www.law.go.kr/%EB%B2%95%EB%A0%B9/%EA%B7%BC%EB%A1%9C%EA%B8%B0%EC%A4%80%EB%B2%95,law_labor_standards,1757409404,972bd441b8c5c018ff7c7951d7dac1369143375af84f87878a0fda6e91d8a8ba,"{'source': 'law.go.kr', 'category': 'statute', 'article_type': 'law_article', 'chapter': '제4장 근로시간과 휴식', 'article': '제63조(적용의 제외)'}"
제5장 여성과 소년 제64조(최저 연령과 취직인허증),"① 15세 미만인 사람(「초ㆍ중등교육법」에 따른 중학교에 재학 중인 18세 미만인 사람을 포함한다)은 근로자로 사용하지 못한다. 다만, 대통령령으로 정하는 기준에 따라 고용노동부장관이 발급한 취직인허증(就職認許證)을 지닌 사람은 근로자로 사용할 수 있다. <개정 2010. 6. 4., 2020. 5. 26.>",https://www.law.go.kr/%EB%B2%95%EB%A0%B9/%EA%B7%BC%EB%A1%9C%EA%B8%B0%EC%A4%80%EB%B2%95,law_labor_standards,1757409404,fad867b17906d1333863d82007ff1137a8da9fb68ebb658b6e1c87643d347409,"{'source': 'law.go.kr', 'category': 'statute', 'article_type': 'law_article', 'chapter': '제5장 여성과 소년', 'article': '제64조(최저 연령과 취직인허증)'}"
제5장 여성과 소년 제65조(사용 금지),① 사용자는 임신 중이거나 산후 1년이 지나지 아니한 여성(이하 “임산부”라 한다)과 18세 미만자를 도덕상 또는 보건상 유해ㆍ위험한 사업에 사용하지 못한다.,https://www.law.go.kr/%EB%B2%95%EB%A0%B9/%EA%B7%BC%EB%A1%9C%EA%B8%B0%EC%A4%80%EB%B2%95,law_labor_standards,1757409404,91f7c816fcdf9e735904445661890a1cf008d1365d8e01d45dee0603a08cac74,"{'source': 'law.go.kr', 'category': 'statute', 'article_type': 'law_article', 'chapter': '제5장 여성과 소년', 'article': '제65조(사용 금지)'}"
제5장 여성과 소년 제66조(연소자 증명서),"사용자는 18세 미만인 사람에 대하여는 그 연령을 증명하는 가족관계기록사항에 관한 증명서와 친권자 또는 후견인의 동의서를 사업장에 갖추어 두어야 한다. <개정 2007. 5. 17., 2020. 5. 26.>",https://www.law.go.kr/%EB%B2%95%EB%A0%B9/%EA%B7%BC%EB%A1%9C%EA%B8%B0%EC%A4%80%EB%B2%95,law_labor_standards,1757409404,aa526548af9c96657b5b8b6f691cace2d8a72dd267385ae1939c462a385f2ef6,"{'source': 'law.go.kr', 'category': 'statute', 'article_type': 'law_article', 'chapter': '제5장 여성과 소년', 'article': '제66조(연소자 증명서)'}"
제5장 여성과 소년 제67조(근로계약),① 친권자나 후견인은 미성년자의 근로계약을 대리할 수 없다.,https://www.law.go.kr/%EB%B2%95%EB%A0%B9/%EA%B7%BC%EB%A1%9C%EA%B8%B0%EC%A4%80%EB%B2%95,law_labor_standards,1757409404,91022e2b2e527b7f13d68c544e6b9d0546c7af1ab9d2344dea0aa7052d8c62fd,"{'source': 'law.go.kr', 'category': 'statute', 'article_type': 'law_article', 'chapter': '제5장 여성과 소년', 'article': '제67조(근로계약)'}"
제5장 여성과 소년 제68조(임금의 청구),미성년자는 독자적으로 임금을 청구할 수 있다.,https://www.law.go.kr/%EB%B2%95%EB%A0%B9/%EA%B7%BC%EB%A1%9C%EA%B8%B0%EC%A4%80%EB%B2%95,law_labor_standards,1757409404,54a96864459a517376cc42daed8f5cff44c979bb6472d5f43d60f94a056e3d72,"{'source': 'law.go.kr', 'category': 'statute', 'article_type': 'law_article', 'chapter': '제5장 여성과 소년', 'article': '제68조(임금의 청구)'}"
제5장 여성과 소년 제69조(근로시간),"15세 이상 18세 미만인 사람의 근로시간은 1일에 7시간, 1주에 35시간을 초과하지 못한다. 다만, 당사자 사이의 합의에 따라 1일에 1시간, 1주에 5시간을 한도로 연장할 수 있다. <개정 2018. 3. 20., 2020. 5. 26.>",https://www.law.go.kr/%EB%B2%95%EB%A0%B9/%EA%B7%BC%EB%A1%9C%EA%B8%B0%EC%A4%80%EB%B2%95,law_labor_standards,1757409404,a19c21b1f455dba27347236f8af643ba1ff782614adc423ba6f829da06ba9166,"{'source': 'law.go.kr', 'category': 'statute', 'article_type': 'law_article', 'chapter': '제5장 여성과 소년', 'article': '제69조(근로시간)'}"
제5장 여성과 소년 제70조(야간근로와 휴일근로의 제한),① 사용자는 18세 이상의 여성을 오후 10시부터 오전 6시까지의 시간 및 휴일에 근로시키려면 그 근로자의 동의를 받아야 한다.,https://www.law.go.kr/%EB%B2%95%EB%A0%B9/%EA%B7%BC%EB%A1%9C%EA%B8%B0%EC%A4%80%EB%B2%95,law_labor_standards,1757409404,57373f96c7e12afa0b7c31b13601072d8064eeccc3871d56d4066ab160b4f7e6,"{'source': 'law.go.kr', 'category': 'statute', 'article_type': 'law_article', 'chapter': '제5장 여성과 소년', 'article': '제70조(야간근로와 휴일근로의 제한)'}"
제5장 여성과 소년 제71조(시간외근로),"사용자는 산후 1년이 지나지 아니한 여성에 대하여는 단체협약이 있는 경우라도 1일에 2시간, 1주에 6시간, 1년에 150시간을 초과하는 시간외근로를 시키지 못한다. <개정 2018. 3. 20.>",https://www.law.go.kr/%EB%B2%95%EB%A0%B9/%EA%B7%BC%EB%A1%9C%EA%B8%B0%EC%A4%80%EB%B2%95,law_labor_standards,1757409404,6d8ae2da063694e436e17839d01f823d7fa8f96277214baf3aaf226f3cbf1508,"{'source': 'law.go.kr', 'category': 'statute', 'article_type': 'law_article', 'chapter': '제5장 여성과 소년', 'article': '제71조(시간외근로)'}"
제5장 여성과 소년 제72조(갱내근로의 금지),"사용자는 여성과 18세 미만인 사람을 갱내(坑內)에서 근로시키지 못한다. 다만, 보건ㆍ의료, 보도ㆍ취재 등 대통령령으로 정하는 업무를 수행하기 위하여 일시적으로 필요한 경우에는 그러하지 아니하다. <개정 2020. 5. 26.>",https://www.law.go.kr/%EB%B2%95%EB%A0%B9/%EA%B7%BC%EB%A1%9C%EA%B8%B0%EC%A4%80%EB%B2%95,law_labor_standards,1757409404,944964409b21b76653009ddcf8612454a171fb023cd79d1e5773c244c0b26806,"{'source': 'law.go.kr', 'category': 'statute', 'article_type': 'law_article', 'chapter': '제5장 여성과 소년', 'article': '제72조(갱내근로의 금지)'}"
제5장 여성과 소년 제73조(생리휴가),사용자는 여성 근로자가 청구하면 월 1일의 생리휴가를 주어야 한다.,https://www.law.go.kr/%EB%B2%95%EB%A0%B9/%EA%B7%BC%EB%A1%9C%EA%B8%B0%EC%A4%80%EB%B2%95,law_labor_standards,1757409404,57e1d400b476a2cd95c3e54c23e6bf83953e8e918338e13db83aa0bdb89696db,"{'source': 'law.go.kr', 'category': 'statute', 'article_type': 'law_article', 'chapter': '제5장 여성과 소년', 'article': '제73조(생리휴가)'}"
제5장 여성과 소년 제74조(임산부의 보호),"① 사용자는 임신 중의 여성에게 출산 전과 출산 후를 통하여 90일(미숙아를 출산한 경우에는 100일, 한 번에 둘 이상 자녀를 임신한 경우에는 120일)의 출산전후휴가를 주어야 한다. 이 경우 휴가 기간의 배정은 출산 후에 45일(한 번에 둘 이상 자녀를 임신한 경우에는 60일) 이상이 되어야 하고, 미숙아의 범위, 휴가 부여 절차 등에 필요한 사항은 고용노동부령으로 정한다. <개정 2012. 2. 1., 2014. 1. 21., 2024. 10. 22.>",https://www.law.go.kr/%EB%B2%95%EB%A0%B9/%EA%B7%BC%EB%A1%9C%EA%B8%B0%EC%A4%80%EB%B2%95,law_labor_standards,1757409404,c133273dd184132e89b0e3004a71424ff7422cf460874cd8f4fc090c032411c7,"{'source': 'law.go.kr', 'category': 'statute', 'article_type': 'law_article', 'chapter': '제5장 여성과 소년', 'article': '제74조(임산부의 보호)'}"
제5장 여성과 소년 제74조의2(태아검진 시간의 허용 등),① 사용자는 임신한 여성근로자가 「모자보건법」 제10조에 따른 임산부 정기건강진단을 받는데 필요한 시간을 청구하는 경우 이를 허용하여 주어야 한다.,https://www.law.go.kr/%EB%B2%95%EB%A0%B9/%EA%B7%BC%EB%A1%9C%EA%B8%B0%EC%A4%80%EB%B2%95,law_labor_standards,1757409404,fcb90b98bace4d9a6a8312e1342359ed5f51cef2c519c3d63599c7a68000bd95,"{'source': 'law.go.kr', 'category': 'statute', 'article_type': 'law_article', 'chapter': '제5장 여성과 소년', 'article': '제74조의2(태아검진 시간의 허용 등)'}"
제5장 여성과 소년 제75조(육아 시간),생후 1년 미만의 유아(乳兒)를 가진 여성 근로자가 청구하면 1일 2회 각각 30분 이상의 유급 수유 시간을 주어야 한다.,https://www.law.go.kr/%EB%B2%95%EB%A0%B9/%EA%B7%BC%EB%A1%9C%EA%B8%B0%EC%A4%80%EB%B2%95,law_labor_standards,1757409404,f8158e349deee648582cdaf1ead8eef49ad87908b1ff6104f4f2a81deb3d6e5b,"{'source': 'law.go.kr', 'category': 'statute', 'article_type': 'law_article', 'chapter': '제5장 여성과 소년', 'article': '제75조(육아 시간)'}"
제6장 안전과 보건 제76조(안전과 보건),근로자의 안전과 보건에 관하여는 「산업안전보건법」에서 정하는 바에 따른다.,https://www.law.go.kr/%EB%B2%95%EB%A0%B9/%EA%B7%BC%EB%A1%9C%EA%B8%B0%EC%A4%80%EB%B2%95,law_labor_standards,1757409404,5baf4af35f0a7a9f2808ad7a0f38d1a0a6529084478e413b20dbfe3c5c448654,"{'source': 'law.go.kr', 'category': 'statute', 'article_type': 'law_article', 'chapter': '제6장 안전과 보건', 'article': '제76조(안전과 보건)'}"
제6장의2 직장 내 괴롭힘의 금지 제76조의2(직장 내 괴롭힘의 금지),사용자 또는 근로자는 직장에서의 지위 또는 관계 등의 우위를 이용하여 업무상 적정범위를 넘어 다른 근로자에게 신체적ㆍ정신적 고통을 주거나 근무환경을 악화시키는 행위(이하 “직장 내 괴롭힘”이라 한다)를 하여서는 아니 된다.,https://www.law.go.kr/%EB%B2%95%EB%A0%B9/%EA%B7%BC%EB%A1%9C%EA%B8%B0%EC%A4%80%EB%B2%95,law_labor_standards,1757409404,7bae26059afe850814dd97b5b9f099a6c93e6e150f4001d4c99238c39929df7a,"{'source': 'law.go.kr', 'category': 'statute', 'article_type': 'law_article', 'chapter': '제6장의2 직장 내 괴롭힘의 금지', 'article': '제76조의2(직장 내 괴롭힘의 금지)'}"
제6장의2 직장 내 괴롭힘의 금지 제76조의3(직장 내 괴롭힘 발생 시 조치),① 누구든지 직장 내 괴롭힘 발생 사실을 알게 된 경우 그 사실을 사용자에게 신고할 수 있다.,https://www.law.go.kr/%EB%B2%95%EB%A0%B9/%EA%B7%BC%EB%A1%9C%EA%B8%B0%EC%A4%80%EB%B2%95,law_labor_standards,1757409404,2ed74436dea41502b39ac8cfb43c9c1dc4437e7318f4f0d0d503be7f3ce29785,"{'source': 'law.go.kr', 'category': 'statute', 'article_type': 'law_article', 'chapter': '제6장의2 직장 내 괴롭힘의 금지', 'article': '제76조의3(직장 내 괴롭힘 발생 시 조치)'}"
제7장 기능 습득 제77조(기능 습득자의 보호),"사용자는 양성공, 수습, 그 밖의 명칭을 불문하고 기능의 습득을 목적으로 하는 근로자를 혹사하거나 가사, 그 밖의 기능 습득과 관계없는 업무에 종사시키지 못한다. <개정 2020. 5. 26.>",https://www.law.go.kr/%EB%B2%95%EB%A0%B9/%EA%B7%BC%EB%A1%9C%EA%B8%B0%EC%A4%80%EB%B2%95,law_labor_standards,1757409404,0bbe3af21369eba3d18c6e57c864e98f6562cb56500ef09e2f245ad8b6237962,"{'source': 'law.go.kr', 'category': 'statute', 'article_type': 'law_article', 'chapter': '제7장 기능 습득', 'article': '제77조(기능 습득자의 보호)'}"
제8장 재해보상 제78조(요양보상),① 근로자가 업무상 부상 또는 질병에 걸리면 사용자는 그 비용으로 필요한 요양을 행하거나 필요한 요양비를 부담하여야 한다.,https://www.law.go.kr/%EB%B2%95%EB%A0%B9/%EA%B7%BC%EB%A1%9C%EA%B8%B0%EC%A4%80%EB%B2%95,law_labor_standards,1757409404,178675c18e6415f6ae34b81b3a8691a33e4005c97e535bf3c1b263e7ef29b1ef,"{'source': 'law.go.kr', 'category': 'statute', 'article_type': 'law_article', 'chapter': '제8장 재해보상', 'article': '제78조(요양보상)'}"
제8장 재해보상 제79조(휴업보상),① 사용자는 제78조에 따라 요양 중에 있는 근로자에게 그 근로자의 요양 중 평균임금의 100분의 60의 휴업보상을 하여야 한다. <개정 2008. 3. 21.>,https://www.law.go.kr/%EB%B2%95%EB%A0%B9/%EA%B7%BC%EB%A1%9C%EA%B8%B0%EC%A4%80%EB%B2%95,law_labor_standards,1757409404,76134fba4336429a3301ef640063a508c03232bd3cd481b39bdf10095cc06541,"{'source': 'law.go.kr', 'category': 'statute', 'article_type': 'law_article', 'chapter': '제8장 재해보상', 'article': '제79조(휴업보상)'}"
제8장 재해보상 제80조(장해보상),"① 근로자가 업무상 부상 또는 질병에 걸리고, 완치된 후 신체에 장해가 있으면 사용자는 그 장해 정도에 따라 평균임금에 별표에서 정한 일수를 곱한 금액의 장해보상을 하여야 한다. <개정 2008. 3. 21.>",https://www.law.go.kr/%EB%B2%95%EB%A0%B9/%EA%B7%BC%EB%A1%9C%EA%B8%B0%EC%A4%80%EB%B2%95,law_labor_standards,1757409404,7ebd97555d79f9629d2f6cd3df8da4c280d324221ca4687a5aeff76750359d59,"{'source': 'law.go.kr', 'category': 'statute', 'article_type': 'law_article', 'chapter': '제8장 재해보상', 'article': '제80조(장해보상)'}"
제8장 재해보상 제81조(휴업보상과 장해보상의 예외),근로자가 중대한 과실로 업무상 부상 또는 질병에 걸리고 또한 사용자가 그 과실에 대하여 노동위원회의 인정을 받으면 휴업보상이나 장해보상을 하지 아니하여도 된다.,https://www.law.go.kr/%EB%B2%95%EB%A0%B9/%EA%B7%BC%EB%A1%9C%EA%B8%B0%EC%A4%80%EB%B2%95,law_labor_standards,1757409404,227144c7b7122101d38cb4418711d06003ceb563800ff4c3c54fefbd9b00e155,"{'source': 'law.go.kr', 'category': 'statute', 'article_type': 'law_article', 'chapter': '제8장 재해보상', 'article': '제81조(휴업보상과 장해보상의 예외)'}"
제8장 재해보상 제82조(유족보상),"① 근로자가 업무상 사망한 경우에는 사용자는 근로자가 사망한 후 지체 없이 그 유족에게 평균임금 1,000일분의 유족보상을 하여야 한다. <개정 2008. 3. 21.>",https://www.law.go.kr/%EB%B2%95%EB%A0%B9/%EA%B7%BC%EB%A1%9C%EA%B8%B0%EC%A4%80%EB%B2%95,law_labor_standards,1757409404,ae1016da67a6b4e95a8a1faabbc5352dbd5589fbec0521681633208acc302b4d,"{'source': 'law.go.kr', 'category': 'statute', 'article_type': 'law_article', 'chapter': '제8장 재해보상', 'article': '제82조(유족보상)'}"
제8장 재해보상 제83조(장례비),"근로자가 업무상 사망한 경우에는 사용자는 근로자가 사망한 후 지체 없이 평균임금 90일분의 장례비를 지급하여야 한다. <개정 2008. 3. 21., 2021. 1. 5.>",https://www.law.go.kr/%EB%B2%95%EB%A0%B9/%EA%B7%BC%EB%A1%9C%EA%B8%B0%EC%A4%80%EB%B2%95,law_labor_standards,1757409404,ccdcc4afdd50a91478852ddc3bf602703ea4543e8c485e5451c6888ef2b509fa,"{'source': 'law.go.kr', 'category': 'statute', 'article_type': 'law_article', 'chapter': '제8장 재해보상', 'article': '제83조(장례비)'}"
제8장 재해보상 제84조(일시보상),"제78조에 따라 보상을 받는 근로자가 요양을 시작한 지 2년이 지나도 부상 또는 질병이 완치되지 아니하는 경우에는 사용자는 그 근로자에게 평균임금 1,340일분의 일시보상을 하여 그 후의 이 법에 따른 모든 보상책임을 면할 수 있다.",https://www.law.go.kr/%EB%B2%95%EB%A0%B9/%EA%B7%BC%EB%A1%9C%EA%B8%B0%EC%A4%80%EB%B2%95,law_labor_standards,1757409404,8524e2d8744c6c39ae6d3799e2350d1d9ae4ea4b4cf790edaaead4b1ca94922f,"{'source': 'law.go.kr', 'category': 'statute', 'article_type': 'law_article', 'chapter': '제8장 재해보상', 'article': '제84조(일시보상)'}"
제8장 재해보상 제85조(분할보상),"사용자는 지급 능력이 있는 것을 증명하고 보상을 받는 사람의 동의를 받으면 제80조, 제82조 또는 제84조에 따른 보상금을 1년에 걸쳐 분할보상을 할 수 있다. <개정 2020. 5. 26.>",https://www.law.go.kr/%EB%B2%95%EB%A0%B9/%EA%B7%BC%EB%A1%9C%EA%B8%B0%EC%A4%80%EB%B2%95,law_labor_standards,1757409404,30c56368c8c7241ada77a71ebfe77d58534ed359ff145d93c803e3ca5e2ae3fa,"{'source': 'law.go.kr', 'category': 'statute', 'article_type': 'law_article', 'chapter': '제8장 재해보상', 'article': '제85조(분할보상)'}"
제8장 재해보상 제86조(보상 청구권),"보상을 받을 권리는 퇴직으로 인하여 변경되지 아니하고, 양도나 압류하지 못한다.",https://www.law.go.kr/%EB%B2%95%EB%A0%B9/%EA%B7%BC%EB%A1%9C%EA%B8%B0%EC%A4%80%EB%B2%95,law_labor_standards,1757409404,7509adde97788d532c326dcea14000949c029f1a545fd6160d64df24fc9734ce,"{'source': 'law.go.kr', 'category': 'statute', 'article_type': 'law_article', 'chapter': '제8장 재해보상', 'article': '제86조(보상 청구권)'}"
제8장 재해보상 제87조(다른 손해배상과의 관계),보상을 받게 될 사람이 동일한 사유에 대하여 「민법」이나 그 밖의 법령에 따라 이 법의 재해보상에 상당한 금품을 받으면 그 가액(價額)의 한도에서 사용자는 보상의 책임을 면한다. <개정 2020. 5. 26.>,https://www.law.go.kr/%EB%B2%95%EB%A0%B9/%EA%B7%BC%EB%A1%9C%EA%B8%B0%EC%A4%80%EB%B2%95,law_labor_standards,1757409404,f52a624786516734b1f509419fccaabaeb99deb504a20b6ffd462d60b21eef92,"{'source': 'law.go.kr', 'category': 'statute', 'article_type': 'law_article', 'chapter': '제8장 재해보상', 'article': '제87조(다른 손해배상과의 관계)'}"
제8장 재해보상 제88조(고용노동부장관의 심사와 중재),"① 업무상의 부상, 질병 또는 사망의 인정, 요양의 방법, 보상금액의 결정, 그 밖에 보상의 실시에 관하여 이의가 있는 자는 고용노동부장관에게 심사나 사건의 중재를 청구할 수 있다. <개정 2010. 6. 4.>",https://www.law.go.kr/%EB%B2%95%EB%A0%B9/%EA%B7%BC%EB%A1%9C%EA%B8%B0%EC%A4%80%EB%B2%95,law_labor_standards,1757409404,574d8349ee747691e8c4dc78382c89ce554c472bcdd2acd8b3b664d345dc7cdc,"{'source': 'law.go.kr', 'category': 'statute', 'article_type': 'law_article', 'chapter': '제8장 재해보상', 'article': '제88조(고용노동부장관의 심사와 중재)'}"
제8장 재해보상 제89조(노동위원회의 심사와 중재),① 고용노동부장관이 제88조제2항의 기간에 심사 또는 중재를 하지 아니하거나 심사와 중재의 결과에 불복하는 자는 노동위원회에 심사나 중재를 청구할 수 있다. <개정 2010. 6. 4.>,https://www.law.go.kr/%EB%B2%95%EB%A0%B9/%EA%B7%BC%EB%A1%9C%EA%B8%B0%EC%A4%80%EB%B2%95,law_labor_standards,1757409404,e04b9cc9d456012dcb30060b0e09c98be4d8a1bf1c53af3513ef583ab0001d76,"{'source': 'law.go.kr', 'category': 'statute', 'article_type': 'law_article', 'chapter': '제8장 재해보상', 'article': '제89조(노동위원회의 심사와 중재)'}"
제8장 재해보상 제90조(도급 사업에 대한 예외),① 사업이 여러 차례의 도급에 따라 행하여지는 경우의 재해보상에 대하여는 원수급인(元受給人)을 사용자로 본다.,https://www.law.go.kr/%EB%B2%95%EB%A0%B9/%EA%B7%BC%EB%A1%9C%EA%B8%B0%EC%A4%80%EB%B2%95,law_labor_standards,1757409404,4092b95713b4c837ce53fe9178c6470de11d79870c6f65408eb80ed2a842cdfb,"{'source': 'law.go.kr', 'category': 'statute', 'article_type': 'law_article', 'chapter': '제8장 재해보상', 'article': '제90조(도급 사업에 대한 예외)'}"
제8장 재해보상 제91조(서류의 보존),사용자는 재해보상에 관한 중요한 서류를 재해보상이 끝나지 아니하거나 제92조에 따라 재해보상 청구권이 시효로 소멸되기 전에 폐기하여서는 아니 된다. <개정 2008. 3. 21.>,https://www.law.go.kr/%EB%B2%95%EB%A0%B9/%EA%B7%BC%EB%A1%9C%EA%B8%B0%EC%A4%80%EB%B2%95,law_labor_standards,1757409404,613732c19a1a3ea78cef36524bdfe86a615a79e1d76159bd3ed9635568b24461,"{'source': 'law.go.kr', 'category': 'statute', 'article_type': 'law_article', 'chapter': '제8장 재해보상', 'article': '제91조(서류의 보존)'}"
제8장 재해보상 제92조(시효),이 법의 규정에 따른 재해보상 청구권은 3년간 행사하지 아니하면 시효로 소멸한다.,https://www.law.go.kr/%EB%B2%95%EB%A0%B9/%EA%B7%BC%EB%A1%9C%EA%B8%B0%EC%A4%80%EB%B2%95,law_labor_standards,1757409404,992608eb030f0e1894d8eabd73c9dc93f37315f298d5bf63ed743c958b0f1ff1,"{'source': 'law.go.kr', 'category': 'statute', 'article_type': 'law_article', 'chapter': '제8장 재해보상', 'article': '제92조(시효)'}"
제9장 취업규칙 제93조(취업규칙의 작성ㆍ신고),"상시 10명 이상의 근로자를 사용하는 사용자는 다음 각 호의 사항에 관한 취업규칙을 작성하여 고용노동부장관에게 신고하여야 한다. 이를 변경하는 경우에도 또한 같다. <개정 2008. 3. 28., 2010. 6. 4., 2012. 2. 1., 2019. 1. 15.>",https://www.law.go.kr/%EB%B2%95%EB%A0%B9/%EA%B7%BC%EB%A1%9C%EA%B8%B0%EC%A4%80%EB%B2%95,law_labor_standards,1757409404,19d74be8377e911921deaed6ad932b7287db5b40ffd0dfe2a6fd65365392a263,"{'source': 'law.go.kr', 'category': 'statute', 'article_type': 'law_article', 'chapter': '제9장 취업규칙', 'article': '제93조(취업규칙의 작성ㆍ신고)'}"
"제9장 취업규칙 제94조(규칙의 작성, 변경 절차)","① 사용자는 취업규칙의 작성 또는 변경에 관하여 해당 사업 또는 사업장에 근로자의 과반수로 조직된 노동조합이 있는 경우에는 그 노동조합, 근로자의 과반수로 조직된 노동조합이 없는 경우에는 근로자의 과반수의 의견을 들어야 한다. 다만, 취업규칙을 근로자에게 불리하게 변경하는 경우에는 그 동의를 받아야 한다.",https://www.law.go.kr/%EB%B2%95%EB%A0%B9/%EA%B7%BC%EB%A1%9C%EA%B8%B0%EC%A4%80%EB%B2%95,law_labor_standards,1757409404,d770e1d66831920fc383c525506a1637a33afbb4acb87de1686118aeea2447c2,"{'source': 'law.go.kr', 'category': 'statute', 'article_type': 'law_article', 'chapter': '제9장 취업규칙', 'article': '제94조(규칙의 작성, 변경 절차)'}"
제9장 취업규칙 제95조(제재 규정의 제한),"취업규칙에서 근로자에 대하여 감급(減給)의 제재를 정할 경우에 그 감액은 1회의 금액이 평균임금의 1일분의 2분의 1을, 총액이 1임금지급기의 임금 총액의 10분의 1을 초과하지 못한다.",https://www.law.go.kr/%EB%B2%95%EB%A0%B9/%EA%B7%BC%EB%A1%9C%EA%B8%B0%EC%A4%80%EB%B2%95,law_labor_standards,1757409404,8ae0a9d962c5bf42f24ac9910d3fac1c5806993ff7a3e4aba2fc9d5357b9e26a,"{'source': 'law.go.kr', 'category': 'statute', 'article_type': 'law_article', 'chapter': '제9장 취업규칙', 'article': '제95조(제재 규정의 제한)'}"
제9장 취업규칙 제96조(단체협약의 준수),① 취업규칙은 법령이나 해당 사업 또는 사업장에 대하여 적용되는 단체협약과 어긋나서는 아니 된다.,https://www.law.go.kr/%EB%B2%95%EB%A0%B9/%EA%B7%BC%EB%A1%9C%EA%B8%B0%EC%A4%80%EB%B2%95,law_labor_standards,1757409404,f75e177c776566b58254c7912255f0e309d6d16e85299c450f5f5dd82bf13c37,"{'source': 'law.go.kr', 'category': 'statute', 'article_type': 'law_article', 'chapter': '제9장 취업규칙', 'article': '제96조(단체협약의 준수)'}"
제9장 취업규칙 제97조(위반의 효력),취업규칙에서 정한 기준에 미달하는 근로조건을 정한 근로계약은 그 부분에 관하여는 무효로 한다. 이 경우 무효로 된 부분은 취업규칙에 정한 기준에 따른다.,https://www.law.go.kr/%EB%B2%95%EB%A0%B9/%EA%B7%BC%EB%A1%9C%EA%B8%B0%EC%A4%80%EB%B2%95,law_labor_standards,1757409404,f979dd94dadbf3e3476184a43093e194457b1618b04b96c75678114a7fe8477a,"{'source': 'law.go.kr', 'category': 'statute', 'article_type': 'law_article', 'chapter': '제9장 취업규칙', 'article': '제97조(위반의 효력)'}"
제10장 기숙사 제98조(기숙사 생활의 보장),① 사용자는 사업 또는 사업장의 부속 기숙사에 기숙하는 근로자의 사생활의 자유를 침해하지 못한다.,https://www.law.go.kr/%EB%B2%95%EB%A0%B9/%EA%B7%BC%EB%A1%9C%EA%B8%B0%EC%A4%80%EB%B2%95,law_labor_standards,1757409404,3f9592fb4e2c14b66b09837b148118fa67e1fb8582cf9e97fc60628fcf8d5d38,"{'source': 'law.go.kr', 'category': 'statute', 'article_type': 'law_article', 'chapter': '제10장 기숙사', 'article': '제98조(기숙사 생활의 보장)'}"
제10장 기숙사 제99조(규칙의 작성과 변경),① 부속 기숙사에 근로자를 기숙시키는 사용자는 다음 각 호의 사항에 관하여 기숙사규칙을 작성하여야 한다.,https://www.law.go.kr/%EB%B2%95%EB%A0%B9/%EA%B7%BC%EB%A1%9C%EA%B8%B0%EC%A4%80%EB%B2%95,law_labor_standards,1757409404,6b267e346a429b8f39c370afff699560cc54bb6a066875f508e53393371e8006,"{'source': 'law.go.kr', 'category': 'statute', 'article_type': 'law_article', 'chapter': '제10장 기숙사', 'article': '제99조(규칙의 작성과 변경)'}"
제10장 기숙사 제100조(부속 기숙사의 설치ㆍ운영 기준),사용자는 부속 기숙사를 설치ㆍ운영할 때 다음 각 호의 사항에 관하여 대통령령으로 정하는 기준을 충족하도록 하여야 한다.,https://www.law.go.kr/%EB%B2%95%EB%A0%B9/%EA%B7%BC%EB%A1%9C%EA%B8%B0%EC%A4%80%EB%B2%95,law_labor_standards,1757409404,75878c8a120e9addfbbdbe1ed249c769e0ac39be6031b748d96a9047bfb73e43,"{'source': 'law.go.kr', 'category': 'statute', 'article_type': 'law_article', 'chapter': '제10장 기숙사', 'article': '제100조(부속 기숙사의 설치ㆍ운영 기준)'}"
제10장 기숙사 제100조의2(부속 기숙사의 유지관리 의무),"사용자는 제100조에 따라 설치한 부속 기숙사에 대하여 근로자의 건강 유지, 사생활 보호 등을 위한 조치를 하여야 한다.",https://www.law.go.kr/%EB%B2%95%EB%A0%B9/%EA%B7%BC%EB%A1%9C%EA%B8%B0%EC%A4%80%EB%B2%95,law_labor_standards,1757409404,911eea01ef9d4005ff0442e19158b230d02a00cdeea9fc0d6f0a67008131bde3,"{'source': 'law.go.kr', 'category': 'statute', 'article_type': 'law_article', 'chapter': '제10장 기숙사', 'article': '제100조의2(부속 기숙사의 유지관리 의무)'}"
제11장 근로감독관 등 제101조(감독 기관),① 근로조건의 기준을 확보하기 위하여 고용노동부와 그 소속 기관에 근로감독관을 둔다. <개정 2010. 6. 4.>,https://www.law.go.kr/%EB%B2%95%EB%A0%B9/%EA%B7%BC%EB%A1%9C%EA%B8%B0%EC%A4%80%EB%B2%95,law_labor_standards,1757409404,605dbc98b27979aa482d6e1f9bf5c3b9482db032aa9e271a17e4d979a2292b7b,"{'source': 'law.go.kr', 'category': 'statute', 'article_type': 'law_article', 'chapter': '제11장 근로감독관 등', 'article': '제101조(감독 기관)'}"
제11장 근로감독관 등 제102조(근로감독관의 권한),"① 근로감독관은 사업장, 기숙사, 그 밖의 부속 건물을 현장조사하고 장부와 서류의 제출을 요구할 수 있으며 사용자와 근로자에 대하여 심문(尋問)할 수 있다. <개정 2017. 11. 28.>",https://www.law.go.kr/%EB%B2%95%EB%A0%B9/%EA%B7%BC%EB%A1%9C%EA%B8%B0%EC%A4%80%EB%B2%95,law_labor_standards,1757409404,08cd74b1c3dc3b54efc6365337be9d10a81d9f6403ec3f1d86ce5c6728d99f4d,"{'source': 'law.go.kr', 'category': 'statute', 'article_type': 'law_article', 'chapter': '제11장 근로감독관 등', 'article': '제102조(근로감독관의 권한)'}"
제11장 근로감독관 등 제103조(근로감독관의 의무),근로감독관은 직무상 알게 된 비밀을 엄수하여야 한다. 근로감독관을 그만 둔 경우에도 또한 같다.,https://www.law.go.kr/%EB%B2%95%EB%A0%B9/%EA%B7%BC%EB%A1%9C%EA%B8%B0%EC%A4%80%EB%B2%95,law_labor_standards,1757409404,a2f9f374327cc33fc859885eb5ba2fd8363e75bea6f71acc55d5fc79f7e14388,"{'source': 'law.go.kr', 'category': 'statute', 'article_type': 'law_article', 'chapter': '제11장 근로감독관 등', 'article': '제103조(근로감독관의 의무)'}"
제11장 근로감독관 등 제104조(감독 기관에 대한 신고),① 사업 또는 사업장에서 이 법 또는 이 법에 따른 대통령령을 위반한 사실이 있으면 근로자는 그 사실을 고용노동부장관이나 근로감독관에게 통보할 수 있다. <개정 2010. 6. 4.>,https://www.law.go.kr/%EB%B2%95%EB%A0%B9/%EA%B7%BC%EB%A1%9C%EA%B8%B0%EC%A4%80%EB%B2%95,law_labor_standards,1757409404,f307985d39718d5a32047ec080fbfdcae3cbc78a4a2ad9fe7a1b52d15c8cd407,"{'source': 'law.go.kr', 'category': 'statute', 'article_type': 'law_article', 'chapter': '제11장 근로감독관 등', 'article': '제104조(감독 기관에 대한 신고)'}"
제11장 근로감독관 등 제105조(사법경찰권 행사자의 제한),"이 법이나 그 밖의 노동 관계 법령에 따른 현장조사, 서류의 제출, 심문 등의 수사는 검사와 근로감독관이 전담하여 수행한다. 다만, 근로감독관의 직무에 관한 범죄의 수사는 그러하지 아니하다. <개정 2017. 11. 28.>",https://www.law.go.kr/%EB%B2%95%EB%A0%B9/%EA%B7%BC%EB%A1%9C%EA%B8%B0%EC%A4%80%EB%B2%95,law_labor_standards,1757409404,d4c5924d106b77678813432df1093f05d1b06f11e742928a4d9073bb503d13ef,"{'source': 'law.go.kr', 'category': 'statute', 'article_type': 'law_article', 'chapter': '제11장 근로감독관 등', 'article': '제105조(사법경찰권 행사자의 제한)'}"
제11장 근로감독관 등 제106조(권한의 위임),이 법에 따른 고용노동부장관의 권한은 대통령령으로 정하는 바에 따라 그 일부를 지방고용노동관서의 장에게 위임할 수 있다. <개정 2010. 6. 4.>,https://www.law.go.kr/%EB%B2%95%EB%A0%B9/%EA%B7%BC%EB%A1%9C%EA%B8%B0%EC%A4%80%EB%B2%95,law_labor_standards,1757409404,95cca550263426d6830ae02cb32c9bda8f95ce2e28639d193a12d08ab1c3b0b6,"{'source': 'law.go.kr', 'category': 'statute', 'article_type': 'law_article', 'chapter': '제11장 근로감독관 등', 'article': '제106조(권한의 위임)'}"
제12장 벌칙 제107조(벌칙),"제7조, 제8조, 제9조, 제23조제2항 또는 제40조를 위반한 자는 5년 이하의 징역 또는 5천만원 이하의 벌금에 처한다. <개정 2017. 11. 28.>",https://www.law.go.kr/%EB%B2%95%EB%A0%B9/%EA%B7%BC%EB%A1%9C%EA%B8%B0%EC%A4%80%EB%B2%95,law_labor_standards,1757409404,3c3351be4b0fb9a978ef624b12e514e15d383efe72115b68d6524c66d0b1c29c,"{'source': 'law.go.kr', 'category': 'statute', 'article_type': 'law_article', 'chapter': '제12장 벌칙', 'article': '제107조(벌칙)'}"
제12장 벌칙 제108조(벌칙),근로감독관이 이 법을 위반한 사실을 고의로 묵과하면 3년 이하의 징역 또는 5년 이하의 자격정지에 처한다.,https://www.law.go.kr/%EB%B2%95%EB%A0%B9/%EA%B7%BC%EB%A1%9C%EA%B8%B0%EC%A4%80%EB%B2%95,law_labor_standards,1757409404,2141c79d1597b94b9e61f65a16e5e692563b835755e194834825a9f3aca964cd,"{'source': 'law.go.kr', 'category': 'statute', 'article_type': 'law_article', 'chapter': '제12장 벌칙', 'article': '제108조(벌칙)'}"
제12장 벌칙 제109조(벌칙),"① 제36조, 제43조, 제44조, 제44조의2, 제46조, 제51조의3, 제52조제2항제2호, 제56조, 제65조, 제72조 또는 제76조의3제6항을 위반한 자는 3년 이하의 징역 또는 3천만원 이하의 벌금에 처한다. <개정 2007. 7. 27., 2017. 11. 28., 2019. 1. 15., 2021. 1. 5.>",https://www.law.go.kr/%EB%B2%95%EB%A0%B9/%EA%B7%BC%EB%A1%9C%EA%B8%B0%EC%A4%80%EB%B2%95,law_labor_standards,1757409404,fe14c705e25c9095cc17e56c597d3fef0d32a3e5f0193a7fe54304413418d085,"{'source': 'law.go.kr', 'category': 'statute', 'article_type': 'law_article', 'chapter': '제12장 벌칙', 'article': '제109조(벌칙)'}"
제12장 벌칙 제110조(벌칙),"다음 각 호의 어느 하나에 해당하는 자는 2년 이하의 징역 또는 2천만원 이하의 벌금에 처한다. <개정 2009. 5. 21., 2012. 2. 1., 2017. 11. 28., 2018. 3. 20., 2021. 1. 5.>",https://www.law.go.kr/%EB%B2%95%EB%A0%B9/%EA%B7%BC%EB%A1%9C%EA%B8%B0%EC%A4%80%EB%B2%95,law_labor_standards,1757409404,2790fc336c9cd5aa67cc518a861f48751f186e86edad5ffbb86d52f44d74bed4,"{'source': 'law.go.kr', 'category': 'statute', 'article_type': 'law_article', 'chapter': '제12장 벌칙', 'article': '제110조(벌칙)'}"
제12장 벌칙 제111조(벌칙),제31조제3항에 따라 확정되거나 행정소송을 제기하여 확정된 구제명령 또는 구제명령을 내용으로 하는 재심판정을 이행하지 아니한 자는 1년 이하의 징역 또는 1천만원 이하의 벌금에 처한다.,https://www.law.go.kr/%EB%B2%95%EB%A0%B9/%EA%B7%BC%EB%A1%9C%EA%B8%B0%EC%A4%80%EB%B2%95,law_labor_standards,1757409404,71aad4e5486451407feacacd85d46bc03036cd1cdafd45638b7eec112161815b,"{'source': 'law.go.kr', 'category': 'statute', 'article_type': 'law_article', 'chapter': '제12장 벌칙', 'article': '제111조(벌칙)'}"
제12장 벌칙 제112조(고발),① 제111조의 죄는 노동위원회의 고발이 있어야 공소를 제기할 수 있다.,https://www.law.go.kr/%EB%B2%95%EB%A0%B9/%EA%B7%BC%EB%A1%9C%EA%B8%B0%EC%A4%80%EB%B2%95,law_labor_standards,1757409404,e4373dcea493b058fc51ffe29e88d7214cc9de02a7900e8a39ef3b7b65ab0c8d,"{'source': 'law.go.kr', 'category': 'statute', 'article_type': 'law_article', 'chapter': '제12장 벌칙', 'article': '제112조(고발)'}"
제12장 벌칙 제113조(벌칙),제45조를 위반한 자는 1천만원 이하의 벌금에 처한다.,https://www.law.go.kr/%EB%B2%95%EB%A0%B9/%EA%B7%BC%EB%A1%9C%EA%B8%B0%EC%A4%80%EB%B2%95,law_labor_standards,1757409404,2d4e8f57ce1f1fa67048926975ccce3d8af3f1efdba8b109f27476e5124e2155,"{'source': 'law.go.kr', 'category': 'statute', 'article_type': 'law_article', 'chapter': '제12장 벌칙', 'article': '제113조(벌칙)'}"
제12장 벌칙 제114조(벌칙),"다음 각 호의 어느 하나에 해당하는 자는 500만원 이하의 벌금에 처한다. <개정 2007. 7. 27., 2008. 3. 28., 2009. 5. 21., 2012. 2. 1., 2018. 3. 20.>",https://www.law.go.kr/%EB%B2%95%EB%A0%B9/%EA%B7%BC%EB%A1%9C%EA%B8%B0%EC%A4%80%EB%B2%95,law_labor_standards,1757409404,3a527c01840b89e6878d8e6639ffd26e209d98fe7146af4dd15e2708509697d9,"{'source': 'law.go.kr', 'category': 'statute', 'article_type': 'law_article', 'chapter': '제12장 벌칙', 'article': '제114조(벌칙)'}"
제12장 벌칙 제115조(양벌규정),"사업주의 대리인, 사용인, 그 밖의 종업원이 해당 사업의 근로자에 관한 사항에 대하여 제107조, 제109조부터 제111조까지, 제113조 또는 제114조의 위반행위를 하면 그 행위자를 벌하는 외에 그 사업주에게도 해당 조문의 벌금형을 과(科)한다. 다만, 사업주가 그 위반행위를 방지하기 위하여 해당 업무에 관하여 상당한 주의와 감독을 게을리하지 아니한 경우에는 그러하지 아니하다.",https://www.law.go.kr/%EB%B2%95%EB%A0%B9/%EA%B7%BC%EB%A1%9C%EA%B8%B0%EC%A4%80%EB%B2%95,law_labor_standards,1757409404,5e125a6f6c74202fec86c19808afe6b14a0fe2cc46df81c55f23e10f8cc70e5a,"{'source': 'law.go.kr', 'category': 'statute', 'article_type': 'law_article', 'chapter': '제12장 벌칙', 'article': '제115조(양벌규정)'}"
제12장 벌칙 제116조(과태료),① 사용자(사용자의 「민법」 제767조에 따른 친족 중 대통령령으로 정하는 사람이 해당 사업 또는 사업장의 근로자인 경우를 포함한다)가 제76조의2를 위반하여 직장 내 괴롭힘을 한 경우에는 1천만원 이하의 과태료를 부과한다. <신설 2021. 4. 13.>,https://www.law.go.kr/%EB%B2%95%EB%A0%B9/%EA%B7%BC%EB%A1%9C%EA%B8%B0%EC%A4%80%EB%B2%95,law_labor_standards,1757409404,fb5cc8929157eacb82f95cca3514d2912e2649f6a6993e103a6b933c40040b6f,"{'source': 'law.go.kr', 'category': 'statute', 'article_type': 'law_article', 'chapter': '제12장 벌칙', 'article': '제116조(과태료)'}"
